id,stn,lat,long,ele,state,v1,X,Y,coastal,stnlist,Year,Y1900,Y1901,Y1902,Y1903,Y1904,Y1905,Y1906,Y1907,Y1908,Y1909,Y1910,Y1911,Y1912,Y1913,Y1914,Y1915,Y1916,Y1917,Y1918,Y1919,Y1920,Y1921,Y1922,Y1923,Y1924,Y1925,Y1926,Y1927,Y1928,Y1929,Y1930,Y1931,Y1932,Y1933,Y1934,Y1935,Y1936,Y1937,Y1938,Y1939,Y1940,Y1941,Y1942,Y1943,Y1944,Y1945,Y1946,Y1947,Y1948,Y1949,Y1950,Y1951,Y1952,Y1953,Y1954,Y1955,Y1956,Y1957,Y1958,Y1959,Y1960,Y1961,Y1962,Y1963,Y1964,Y1965,Y1966,Y1967,Y1968,Y1969,Y1970,Y1971,Y1972,Y1973,Y1974,Y1975,Y1976,Y1977,Y1978,Y1979,Y1980,Y1981,Y1982,Y1983,Y1984,Y1985,Y1986,Y1987,Y1988,Y1989,Y1990,Y1991,Y1992,Y1993,Y1994,Y1995,Y1996,Y1997,Y1998,Y1999,Y2000,Average
1,USH00062658,41.95,-73.3667,167.6,CT,FALLS VILLAGE,-359703.6686,4696518.184,75702.86648,USH00062658,USH00062658,965,882.6,773.6,868.6,1002.8,664.8,1205.3,830.1,1162,968.6,905.5,662.8,715.6,793.9,760.1,927.3,817.3,1081.9,990.3,906.9,863.7,1035.5,811.7,1119.7,1059.1,1070.6,1089.9,1024.3,954.3,1313,1067.5,1121.5,1199.7,1179.5,1160.4,1125,947.8,1427.2,896.1,1161.8,1209.1,1312.8,1393.7,1136.5,1207.3,1639.3,920.8,1369.7,1391,1161.5,1392.4,1203.7,1234.8,1287.1,1189.4,1076.6,1312.8,1127.1,1469.2,1361.3,1285.3,1486,772,1416,1234.5,1178.1,1573.7,1476.4,1037.7,1199.3,1465.1,1128.6,1117.5,1389,917.4,1270.8,1227.1,820,910,776.7,1186.6,853.1,1142.7,1419.6,775.7,1055,1041.5,1087,1263.7,1170,1012.1,1264.5,1280,1053.1,831,775.9,961.5,1014.3,1318.8,799.2,1134.6,1099.311881
2,USH00063207,41.3506,-72.0394,12.2,CT,GROTON,-256579.3834,4617283.811,3562.694001,USH00063207,USH00063207,1136.9,1241.3,1229,1212.6,1326.7,1001.9,1560,1126,1118.9,1244.5,1088.9,1107.7,762.1,1355.5,1064.7,1138.7,1062.7,1072.7,1079,1391,1161,1451.5,1343.2,1298,1403.5,1096.6,1255.7,1163.9,1297.5,1121,1345.3,1190.9,1390.1,1172.9,881,1146.3,988.8,1261.2,939.7,1241.5,1172.2,1140.8,1012.3,1018.9,980.5,1053,562.2,868.2,1252,968.9,898.1,1077,1038.7,1201.3,810.8,1069.3,942.3,1163.1,823.9,1120.3,1260.5,1307.5,1291.1,1380.6,849.7,1099,1707.5,1244.1,999.4,732.1,1267.7,1016.9,1266.6,1208.1,955.6,1340.8,1082.1,923.2,1048.2,824.1,1285.5,919.9,1264,1205,861.9,1065.5,1098,1412,1395.5,1383.8,1232,1748.3,1165.2,1271.7,1073.1,1240,1043.3,1375.4,1713,1232.8,1305.6,1155.846535
3,USH00067970,41.1247,-73.5475,57.9,CT,STAMFORD 5 N,-386049.4251,4606567.126,5563.272788,USH00067970,USH00067970,1107.5,1088.9,709.2,694.4,1109.1,636.2,1535.1,1061.3,1310.3,1074.2,994.2,505.3,823.8,989.9,942.1,986,1062,1378.6,1091.8,787.5,950.1,1455.1,1147.5,1261.8,1361.1,1289.9,1165.7,790.9,630.9,1243.2,1227.1,1332.5,1384.9,1217.9,989.1,1122.5,627.3,1488.7,1029,1131.8,1354.1,1648.8,1069.3,1049.9,762.4,974.7,852.2,944.1,1420.4,1144.9,1162.5,999.2,1320.3,827.2,1329.9,1107.6,1071.2,1046.4,1081.7,1812.3,1281.3,853.7,1149.2,1655,800.5,971.4,1425.1,1405.6,836.1,1003.5,1162.3,1147.8,1107.2,1282.6,1068.7,1619.9,1251.9,950.7,576.6,846.5,1448.5,839.9,965.7,1511,721,984.7,826.8,932.6,1421.1,1201.4,1141.3,1538.5,1398.6,1220,908.1,724.7,1303.9,1061.6,1403.2,1066.4,1239.4,1108.589109
4,USH00068138,41.795,-72.2283,198.1,CT,STORRS,-267079.0632,4668376.555,52465.88456,USH00068138,USH00068138,771.1,1001.8,1055.8,1080.6,1066.2,712.4,1633.7,1095.7,1221.5,1088.8,884.4,879.7,782.8,869.2,972.6,1172.6,969,1177.9,1065.9,1274,1098.1,1246.8,1004.5,1396.2,1292.4,1278.2,893.6,1123,1143.1,1243.4,994.2,1266.3,1435,1166.8,677.8,1120.3,1008.5,1400.6,1067.8,1221,1206.4,1228.3,1046.5,918.7,921.8,1258.4,823.4,997.8,1309.1,1158.6,1183.5,1240.5,1322,1186.5,1016.8,1265.4,1198.8,1423.2,1226.5,1125.9,1141.5,1361,1284.8,1526.2,962.1,1208.6,1549.5,1133.9,832.3,911.8,1533.1,1003.1,979.2,1639.3,971.5,1358.7,868.3,883,984.1,827.7,1128.1,876.9,1388,1470.9,759.7,993.6,1007.6,1327.5,1327.6,1268,1178.6,1633.3,1332.2,940.3,1077.7,1050,1083.5,1104.4,1576.4,1119,1257.4,1136.354455
5,USH00170100,44.3739,-68.2592,143.3,ME,ACADIA NP,80992.14613,4926870.264,388.9370611,USH00170100,USH00170100,1613.5,1295.6,1284,1031,1635.7,1081.6,1530.5,1567,1610.3,1246.7,1099.1,938.4,1224.9,1334.5,1256.1,1057.8,1592.4,1815,1153.5,1281.3,1217.6,1349.3,1084.6,1454.7,1440.4,1381.4,1378.9,1329.9,1195.4,1118.1,1098.9,1315.2,1520,1353.8,1060.1,943.4,980.3,1377.8,1429.2,996.6,1161.2,1451.6,1070.5,1025.5,771.5,1180,883.4,832.9,1240,1185.7,890,1048.7,912.2,884.2,951.5,893.2,964.9,1155.7,957.1,771.6,1091.6,869.8,851.4,930.5,755.1,776.6,1012.8,1140.4,1278.6,1220.2,1551.2,1135.4,1275.3,1269.6,1347.8,1394.6,1203.9,1521.2,1465.5,1048.3,1395.2,1146.5,1433.6,1574,1335.4,1279.9,1088.3,1495.9,1764.8,2139.7,1354,2130,1802.4,1438.4,1278.1,1228.1,1289.2,1592.3,1881.7,1552.1,1655.6,1256.444554
6,USH00170814,45.6603,-69.812,323.1,ME,BRASSUA DAM,-30657.95085,5078920.157,149039.4997,USH00170814,USH00170814,889.3,682.3,824.8,712.3,846.4,639.1,872.7,784.3,933.4,732.5,649.8,543.5,914.8,665.9,626.2,544.4,829.7,1015.6,788.9,828.1,845.6,844.8,621.9,889.8,800.4,1048.1,1105.2,987.4,1097.2,1085,713.8,902.4,914.2,1209.5,1243.5,1010.2,1199.5,1040.6,894.6,912.4,998.3,1121.7,1364.8,1384.9,1233.4,1372.9,1063.9,1093.3,1156.7,1299.2,1330.1,1462.6,1195.3,1343,1160.7,1328.9,1387.4,1195.5,1120.8,1269.3,1355.5,1170.6,1143.5,1140.8,1204.3,1211.8,1272.3,1169,1199.6,1145,1383.2,972.4,927.6,1037.4,1168.2,1276.1,1098.7,1305.3,1341.4,1102.4,1101.2,1061.7,973,1049.6,916.2,951.6,1120,1021.2,1330,1222.5,830.5,1168,1033.6,776.2,804.1,866.6,808.9,909.1,1135.1,748.9,902.5,1028.994059
7,USH00171628,44.9197,-69.2417,90.5,ME,CORINNA,7369.286776,4993015.273,55891.57255,USH00171628,USH00171628,1290.4,969.7,1297.4,831.3,1014.9,644.9,1081.5,1004.7,953.6,980.3,709.9,785.7,933.1,824.1,891.4,711.3,781.4,1221.2,810.1,906.3,877.7,778.9,660.4,1005.3,839.3,1005,1003.3,969.4,934.3,894.4,704.1,987.7,908,1048.7,1058.6,788.3,944.7,943.4,834.1,901.8,953,1052.2,969,1088.6,914.4,938.8,684.4,962.4,1211.6,975.5,994.7,1180,1087.7,997.2,723.4,771,1154.4,1034.6,725.6,977.7,968,972.4,486.7,870.7,975.5,1030.9,1098.5,856.4,1029.3,1058.5,1077.6,897.7,783.5,1148.3,1141.7,1245.7,1105.9,1100.4,1358.7,844,1031,821.9,1141.4,992.3,967.3,797.6,997.5,1005.6,1277.7,1373.2,963.6,1237.1,1102.7,986.8,987.5,1082.9,840.1,1056.1,1186.8,986.1,1160.8,972.0118812
8,USH00172426,44.9067,-66.9919,25.9,ME,EASTPORT,184865.955,4980342.312,5899.534057,USH00172426,USH00172426,1295.2,1094.6,1089.2,718.5,1461.6,844.5,1533.2,1047.5,1207.5,993.5,847.8,586.2,1348.2,960,1111.6,897.9,945,1387.1,830.7,765.9,995.7,976.1,884.8,1276.1,1054.1,1115.5,937.1,684.7,734.6,1110.1,890.2,1230.3,1023,1110.1,763.6,555.3,667.9,1020.9,1073.4,992.1,1187.5,1083.5,773.5,889.6,771.5,908.5,1010,797.1,1192.8,933,763.6,849.8,800.7,918,973.1,921.2,757.2,1028.6,768.9,801.9,985.4,945.1,652.9,1058.9,850.6,919.1,962.8,809,824.2,852.1,1108.1,941.2,970.5,1001.2,1195.2,1256.8,903.2,944.3,985.5,987.7,1085.4,893.7,1373.7,1177.3,925.3,819.4,741.3,1169.9,1573,1646.9,1181.8,1406.7,1208,1165.5,858.5,891.8,1193.1,1158.8,1587.2,1277.2,1280.4,1009.50495
9,USH00172765,44.6889,-70.1567,128,ME,FARMINGTON,-67116.50529,4973366.204,92303.27895,USH00172765,USH00172765,1073.3,846.3,1109.1,949.5,1151.9,754.5,1159,980,1180.6,920.3,801.9,740.9,976.7,950.6,1170.1,754.9,979.1,1230.3,975.1,1189.8,869.6,1333.3,1026.9,1245.1,1099.9,1235.7,1058.1,1102.4,1125.7,1109.4,1038.5,1229.1,1204.7,1214.9,1049.7,1129.6,1093.6,1147.1,1209.2,968.9,1210.2,1177.2,1147.8,1190,1001.9,1218.4,1118.5,1216.3,1340.1,1313.7,1397.2,1100.3,900.8,1326.7,1051.8,1167.4,1174.8,942.8,1149.8,1085.8,1410.5,1086.2,775.2,954.4,1062.6,1319.1,1149.7,1050.7,1244.6,1111.4,1365.4,1014.2,960,1097.1,1205.8,1130.2,981.7,1080.5,1206.1,1013.3,1288.3,1014.2,1197.5,1319,993.6,1155,1050.9,1343.5,1472.7,1709,1107.4,1424.5,1274.6,979.3,1146.3,1047.2,1152.5,1039.2,1830.3,1018.4,1035.6,1123.113861
10,USH00173046,44.2203,-69.7889,42.7,ME,GARDINER,-42310.14063,4918802.388,34007.98126,USH00173046,USH00173046,1206.4,980.7,1138.5,1102.7,1155.6,795.4,1101.6,919.2,1137.3,985.1,1001.8,883.6,1025.5,1036.6,1008.4,731,1014.6,1337.3,1040.7,1164.2,945.3,1306.7,905.3,1182.6,1141.5,1250.4,1066.7,1100.5,1296.1,1165.8,1155.8,1239.8,1187.8,1134,941.5,969,983.1,1165.2,1108.6,1002,1097.7,1203.6,937.2,1124.8,842,1055.6,962.6,900.5,1211.7,994.3,1077.4,1125.7,1068.4,1095,1074.9,1055.6,922.5,875.4,1010.3,921.2,1083,1082.8,685.4,1009,911.3,993.4,1038.9,938.3,1065.8,1029,1395.4,953.5,932.4,985.6,977.2,1353.7,1025.7,1145.5,1193.2,956,1365.3,907.3,1251.8,1281.5,967.4,989,1044.6,1309.2,1552.1,1786.4,1012.8,1508.9,1269.6,1022.6,1032,1119.5,1112.8,1132.8,1500.3,886.4,1144.7,1084.380198
11,USH00173944,46.2061,-67.8417,118.9,ME,HOULTON 5N,126508.8875,5128351.416,164567.1471,USH00173944,USH00173944,783.4,663.7,982.4,691.2,863.8,695.9,1036.6,1021,982.8,611.8,592,623.9,849.9,718,766.6,643,784,891.4,565.4,826.6,791,784.4,723.6,894.9,805.5,836.9,583.6,825.1,864.5,895.5,719.9,996.4,814.7,930.8,668.1,629.5,941.4,873,865.4,879.5,916.7,1087.3,959.4,899,1014,1079.8,939.3,747.7,1079.7,1156,904.4,807.9,871.2,968.8,958.3,1102.2,1006.2,1038.2,1013.4,786.8,761.2,905.4,822,941,1135.9,965.1,1260.7,947.7,804.7,963.9,1165.2,938,899.7,964.4,1142.3,1079.1,904,1021.9,1328.2,1034.9,1057.2,825.9,934.3,1147.4,594,568.7,979.5,1024.1,1220.6,1312.9,1002.6,1286.5,910,639,779.6,912,912.7,1097.4,1240.9,987,1019.1,907.8227723
12,USH00174566,44.1,-70.2167,54.9,ME,LEWISTON,-77666.92085,4908365.674,31208.95133,USH00174566,USH00174566,1209,1037.1,1148.5,1132.1,1302.8,849.8,1289,998,1179.4,1031.1,1051.5,894.1,1087.9,1088.4,1190.1,886.1,1033.9,1322.6,1120.3,1238.6,968.8,1444,1001.3,1543.8,1243.5,1197.9,1076.8,1101,1202.4,1148.9,1074.1,1267.7,1239.9,1138,924.7,1066,899.6,1046,1133.8,952.6,1170.8,1113.2,1089.8,1133.3,824.8,1085.2,923.7,961.9,1286.9,1025.9,1081.9,1194.7,1015.9,1132.7,996.4,865.1,1101.6,1050.9,1062.6,872.4,1001.9,890.5,761.5,907.8,960.3,1068.2,894.2,898,981.1,1107.3,1253.3,1092.1,847.4,998.4,945.8,1284.8,945.1,1035.4,1077.9,941.6,1230.7,921.4,1306.5,1290.6,905.8,1110.6,905.8,1328.7,1473.4,1853.1,1149.3,1463.6,1212.9,1112.7,1144.7,1077.7,1264.9,1123.3,1739.2,1106.3,1127.6,1103.883168
13,USH00175304,45.6503,-68.705,109.7,ME,MILLINOCKET,55490.62908,5071045.619,125263.0431,USH00175304,USH00175304,1152.6,963,1099.3,860.8,1007.8,687.4,1037.2,931.8,1037.9,926.9,820.3,720.3,863.4,880.7,891.2,641.7,936.1,1229.5,945.8,1064.8,907.2,907.9,738.4,997.6,736.2,961.2,1043.8,962.1,1035.5,1104.7,769.5,1102.8,1044.1,1009.7,1007,857.5,1065.5,1043.8,925.3,984.5,1110.3,1201,1037.5,1231.5,1055.3,1143.1,1040.3,997.1,1375.4,1118.8,1041.8,1184.5,1193.6,960.9,1040.9,1261.3,1254.1,1041.5,1182.5,1135.2,1150.2,1097.7,1153.5,1118.2,1145.3,1310.5,1173.5,1168.3,1126.2,1062.5,1285.1,1032.2,1037.9,1085.1,1115.6,1184.5,1128.4,1130.4,1260.9,954.1,1169.9,863.8,1149.1,1228.6,960.9,1191.7,1221.7,1149.4,1365.2,1604.1,1023.7,1284,1102.8,1059.4,1078.2,1032.2,1037,1067.7,1337.1,965.1,911.3,1059.726733
14,USH00176905,43.6497,-70.3003,13.7,ME,PORTLAND JETPORT,-88801.8632,4858931.143,4843.596387,USH00176905,USH00176905,1127.5,1235.4,1522.8,1212.2,1235.3,841.1,1368.8,1079.4,1217.9,1184.9,1275.3,1346,1010,1079.5,1092.5,910.1,1130.1,1277.6,1095.3,1400.3,1121.7,1334.8,1060.2,1321.1,1166.3,1167.9,1099.5,1085.8,1321.4,1079.5,1032.6,1307.4,1313.2,1164.5,905.3,1017.6,915.1,1168,1051.1,935.7,1151.9,1205,938.5,1154.5,810.8,1115,823.7,981.7,1111.7,951.1,841.1,1104.1,816.2,951.3,828.8,808.6,873.4,1085.4,958.5,830.8,1061.6,885.4,636.5,784.8,836.1,936.4,996.9,1006.9,758.5,832.6,1123,1087.1,876.2,1052,965.7,1285.8,744.2,797.8,1025.5,819.1,1259.8,866.1,1284.4,1564.2,882.1,1033.6,885,1237,1435,1577.5,1239.4,1759.5,1198,1261.1,1185.7,1248,1183.1,1040,1755.5,1091.8,1255.3,1092.148515
15,USH00176937,46.6539,-68.0089,182.6,ME,PRESQUE ISLE,116771.4887,5178901.474,215386.6835,USH00176937,USH00176937,734.9,737.5,755.1,496.8,781,633.3,675.7,872.8,649.2,754.9,427.4,468.9,763.8,574.7,572.5,386.3,643.5,654.6,629.3,691.4,674.4,595.6,754.8,602.1,569.6,728.1,777.4,788.4,701.9,774.7,562,680.2,783.2,841.6,825.5,922.3,919.6,833.5,908.3,1023.8,1076.9,923.5,1210.9,879.3,1160.5,1159.2,826.9,1165.5,1003,944.9,1156.3,1094.2,1129.8,1228.7,1246.5,1215.2,1110.9,942.9,873.2,1075.6,921.8,953.7,1253.5,1112.8,1206.4,1208.8,1017.2,1018.6,1121.9,1083.6,973.1,1130.6,996.2,1032.5,1066,1070.8,1056.5,1119.3,821.3,1055.9,985,955.5,888.7,713.9,839.8,807.2,1027.6,1131.1,837.5,1006.2,701.7,838.1,664.4,613.6,677.3,863.7,943.2,641.1,801.8,734.9,737.5,873.5128713
16,USH00179891,45.1572,-67.4044,42.7,ME,WOODLAND,153818.0514,5009857.245,46707.93334,USH00179891,USH00179891,1141.4,958.9,1102.3,857.6,1188,996.1,1449.6,962.8,1146,883.1,708.3,750.2,1033.1,1095.6,948.5,924.6,1004.6,1243.1,856.4,1044.1,1031.3,963.1,909.1,1128.7,1010.8,1249.2,1151.6,989.6,1067.7,1121,945.7,1263.6,998,1108.7,904.2,768.9,895.7,1108.5,1159.3,1034.7,1088.4,1228.3,963.3,1086.8,966.9,1075.4,833.9,824.4,1097.9,995.2,840.7,890.3,792.3,931.1,950.1,1055.6,830,1039.6,974.2,907.9,1058.7,922.7,711.4,1092.2,887.7,913.1,1060.6,863,1026.6,964.5,1395.9,1113.7,1124.2,939.5,1229,1219.7,1180.8,1365.4,1482.8,1089.9,1254.5,1014.8,1229.6,1350.5,1089.7,1024.4,949.7,1387,1603.5,1924.2,1202.8,1444.3,1247.2,975.3,921.1,1117.9,1039.2,1454.2,1674.2,1096.6,1125.3,1071.716832
17,USH00190120,42.3861,-72.5375,45.7,MA,AMHERST,-285403.6517,4736928.268,116186.2379,USH00190120,USH00190120,1007.3,1034.1,1022.8,1076.9,997.7,601.2,1276.3,950.8,1186.2,1132.6,927.4,746,843.1,870,787.2,990.7,928.5,1243.7,1010.5,1081.1,1033.1,1158.1,920.8,1072.7,1057.7,1054.8,1109.6,1039.7,1091.8,1201.1,974.1,1119.8,1238.6,1065.7,1031.9,1111.3,1041.3,1303.8,964.8,1099.3,1160,1300.8,985,1121.2,1090.4,1433.9,981.9,1226.3,1293.4,896.8,1276.3,1169.4,1079.7,1069.8,1182.1,935.7,1269,1193.8,1186,1425.6,1222.3,1200.6,913.7,1370.5,974.3,1090.4,1396,1387.1,988.2,946.7,1671.8,1037.8,1016.8,1211,1010.4,1400.4,998.5,865.5,913.7,684.2,1122.8,706.1,1212,1387,717,1074.3,1096.6,1206.6,1168.7,1068.4,1029.4,1402.1,1175,1084.2,950.9,955,1035.9,1032,1321.9,1032.9,990.5,1086.637624
18,USH00190535,42.4833,-71.2833,48.8,MA,BEDFORD,-180993.581,4736806.864,25449.16887,USH00190535,USH00190535,951.4,984.2,1033.6,1022.2,1246.7,806.2,1507.3,1050.2,1138.5,998.6,1038.4,902.3,895.4,1122.8,1073.1,1060.2,1013.6,1157.4,997.4,1150.5,978.3,1324.2,1055.4,1306,1282.7,1195.7,1075.3,1057.4,1109.5,1103.8,1192.5,1160.5,1272.1,1177.1,904.6,1004.1,817.3,1096.6,1139.3,1173.9,1071.3,1130.7,1061.3,1084.8,1022.2,1242,769.8,957.8,1330.3,848.4,1018.6,1142.1,1156.4,871.2,979.7,892.2,966.3,1283.5,1021.3,1017.3,993.7,1083.5,904.7,1338.9,799.6,1116.4,1231.3,1215.7,909.4,849.6,1571.1,914.4,1094.6,1132.2,960.6,1349.4,844.6,755.6,1012.7,727.9,1304.4,730.6,1201.3,1467.9,826.5,1097,938.4,1151.7,1379.7,1432.3,1218.3,1460.1,1259,1068.1,1063.5,1015.2,1105.6,1149.2,1551,1086.4,1239.4,1089.059406
19,USH00190736,42.2122,-71.1136,192,MA,BLUE HILL,-169927.6866,4705319.656,9544.379772,USH00190736,USH00190736,1197.2,1228,1201.2,1221.6,1525,1020.7,1588.5,1188,1514.3,1145,1165.2,1086.2,1080.6,1255,1352.3,1313.8,1246.7,1344.8,1222.9,1182.3,1137.7,1593.3,1340,1423.5,1488.1,1351.3,1255.8,1250.6,1305.5,1131,1176.9,1211.9,1384.8,1263.1,871.5,1344.3,976.5,1167.9,1072.9,1147.4,1092.3,1176.5,1029.3,1284.6,1136.6,1324.3,794.7,941.5,1250.2,954.8,1301.5,1231.8,1394,1009.5,914.9,939.4,887.5,1368.2,936.4,988.9,1442.6,1496.4,992,1378.3,968.9,1330.4,1346.7,1320.2,971.6,951.4,1346.2,1095.4,1325.2,1278.7,1000.5,1398.8,1006.7,930.7,1205.7,959.6,1473,835.4,1328.1,1526.6,940.5,1217.9,945.5,1391.5,1561.4,1447.3,1294.9,1622.6,1329.6,1253.6,1292.7,1112.5,1177.8,1354.7,1847.1,1157.2,1435.9,1220.019802
20,USH00193213,42.145,-73.4172,249,MA,GREAT BARRINGTON 5 SW,-361225.848,4718717.774,96525.11521,USH00193213,USH00193213,858.2,927.6,931.7,920,1040.8,742.7,947,914.4,1083.6,938.2,889.1,701.3,834.8,830.8,789.1,991.7,758.9,842.1,998.5,986.6,946.7,1073.7,878,1073.6,1037.4,799.4,1108,1057.9,1026.4,1213.5,1114.7,1129.9,1228.6,915.7,1130.8,1039.3,998.6,1358.3,1026.6,1254.1,1315.7,1520.9,1440.7,1024.3,1155.6,1403.5,1128.3,1171.7,1319.1,1044.4,941.1,1179.8,1230.7,1194.5,1637.6,1142,1247.8,1172.9,1199.7,1076.4,1191.4,1451.8,1129.4,1249.3,1001.5,1488.5,1680,867.6,1132.2,1144.7,1650.3,1186.5,1159.2,1277,1038.7,1156,1124.8,939.6,951.6,822.9,1053.1,779.7,1172.8,1454.6,585.2,1124.5,1155.3,1232.9,1141.2,1190.3,1063,1376.2,1231.8,1048.6,863.5,830.8,1102.5,946.1,1334.9,812.1,1192.2,1091.280198
21,USH00194105,42.6992,-71.1658,15.2,MA,LAWRENCE,-168997.9414,4759856.655,29422.44154,USH00194105,USH00194105,983.1,985.9,945.1,888.7,1120.1,841.4,1445.7,1291.5,1242.6,1033.3,997.9,617.6,685.6,959,901.5,966.5,1205.7,1188.4,1112.4,580.8,815,1226.5,983.7,1229.2,989.7,1209.6,1054.8,782.3,941.1,1023.3,1028.9,1105.3,1283.3,1156.5,788.9,929.1,637.9,1024,1008.8,1095.3,1009.7,1109,1013,1063.1,674,1034.5,729.1,1070.9,1218.6,891.8,989.5,1273.8,1144.2,1023.9,1048.6,1033.8,1002.2,1034.6,983.4,896.7,976.8,969.3,799.4,1162.9,774.8,974.9,1054.3,974.3,780.1,841.8,876.8,1075.4,1186.2,1079.6,1004.2,1279.6,745.1,854.7,795.7,681.7,1165,726.5,1249.7,1327,785.6,1055,878.9,977.4,1320.1,1379.3,1164.9,1410.9,1156,1081.3,941.4,636.1,883.2,1025.8,1381,953.9,1193,1011.188119
22,USH00195246,41.6333,-70.9333,21.3,MA,NEW BEDFORD,-161022.0912,4639570.507,2226.78711,USH00195246,USH00195246,1186.5,1197.2,1069.1,1088.7,1217.3,833.5,1630,1202.6,1354.5,1184.3,941,841.5,1034.9,972.3,1293.5,1193.4,1347.9,1392,988,1037.1,1119.6,1210.4,1246,1315.3,1458,1432.2,1142.7,922.5,1253.8,1002,1136.9,1275.1,1402.4,1291.9,921.9,1026.8,758.7,1116.4,842.4,1112.5,1160.4,989.5,1037.5,883.3,907.4,1164.7,456.8,758.4,1391.4,1064,956.2,1031.5,994.9,737.7,567.7,665.8,819.8,1118.6,992,1270.2,1263,1136.8,1195.6,1343.3,1017.4,1214.4,1676.2,1318.8,805,716.5,1361.5,802.9,916.9,1161.8,962.8,1385.6,1021.8,949.5,1048.5,893.6,924.1,780.1,1275.2,1262.3,1027.4,1074.6,899.8,1377.7,1169.6,1258.2,1297.8,1565,1512.9,1307.3,925.1,1045.6,1075.5,1126,1710.8,1354.4,1416.1,1114.237624
23,USH00196486,41.9819,-70.6961,13.7,MA,PLYMOUTH-KINGSTON,-137754.0338,4676508.552,288.7543491,USH00196486,USH00196486,1216.8,1218.5,1236.3,1217.2,1218.6,915.4,1588.3,1216.1,1505.2,1228.5,1223.8,1039.7,1008.6,1029.6,1264.4,1249.8,1395.9,1425.4,1242.6,1382.9,1218.5,1316.3,1191.2,1332.3,1498.2,1499.9,1347.4,1183,1292.2,1040,1193.3,1266.4,1490.2,1361.3,827.3,989.4,855,1233.1,1004.6,1179.5,1130.9,1081.2,981.1,1034.5,1087,1306.1,588.8,861.6,1204.5,1045.2,919,1137.1,1241,958.7,725.2,964.6,877.3,1144.5,940,902.6,1271.1,1209.9,999.8,1512.4,1075.4,1294.3,1186.7,1255,871.6,801.3,1520.7,891.7,1202.1,1482.1,1071.9,1515.7,1175,986.4,1054.6,862.4,1325,850.8,1421.7,1246.5,1191.7,1211.7,1023.1,1518.5,1240.1,1457.2,1422.4,1528.6,1499.9,1254.7,1153.9,1200.1,1131.9,1275.3,1686.9,1232.9,1314.1,1185.155446
24,USH00196783,42.5242,-71.1264,27.4,MA,READING,-167648.5328,4740095.285,16144.10112,USH00196783,USH00196783,1246.3,1170.8,1194.3,1070.3,1285.9,995.2,1254.2,1063,1453.4,1285.2,1197.3,988.9,922.1,1098,1131.4,1052,1187.4,1307.7,1133.3,1201.1,1043.4,1314,1171.5,1254.8,1313.1,1345.5,1270.6,1193.1,1172.2,1121.9,1075.8,1159.9,1270.8,1201,909.5,1011.9,855.9,1117.3,1097.7,1025.9,932.6,1153.7,1128.3,1190.4,1057.9,1282.7,785.7,1031.2,1125.1,1025.8,1067.7,1063.2,1207.1,842.1,965.6,1009.1,919.5,1090.6,1084.3,1000.8,1229.2,1142.4,978.2,1278.2,752.9,1247.7,1274.2,1224.6,994.1,853.6,1267.1,1141.6,1264,1110.4,937.7,1387.7,929.6,788.9,1146.9,825.6,1286.4,696.9,1208.4,1519.7,1048.6,1116.4,928.6,1251.7,1468.8,1408.9,1193.9,1512.4,1355.3,1306.7,1137.6,1028.8,1048.4,1243.6,1571.9,1057.2,1292.1,1134.494059
25,USH00198367,41.9003,-71.0658,6.1,MA,TAUNTON,-169269.2089,4670277.935,8905.398529,USH00198367,USH00198367,1309.1,1456.4,1109.1,1026.4,1161.3,872.2,1374.4,1181.5,1441.1,1195.1,1031.2,846.6,845.5,1103.5,1102.8,1154.6,1174.6,1349.7,1241.5,1170.9,1006.2,1114.5,1141.6,1332.8,1338,1386,1373.1,1209.8,1350.8,982,1229.8,1135.3,1255.9,1360,874.7,1197.2,880.2,1232.8,1094.1,1090.9,1230.6,1188.5,1100.2,1013.7,963.4,1221.7,669.4,952.1,1171.6,843.9,1066,1058.5,1550.7,988,969,1119.7,986.1,1225,1095.3,1009,1478.5,1209.2,1194.6,1519.8,1096.3,1341.8,1210.1,1183.5,1054.8,901.1,1366.9,1028.6,1211,1282.6,1042.6,1191.7,1035.3,1066.9,1228.4,921.2,1283.3,838.5,1292.4,1160.3,972.3,1293.6,1007.6,1451.8,1336.9,1272.3,1229.5,1610.6,1335.6,1483.6,1160.7,1100.5,957.8,1187.6,1604.1,1134.8,1102.2,1163.727723
26,USH00198757,42.1608,-71.2458,50.3,MA,WALPOLE 2,-181406.2041,4700661.859,16954.71371,USH00198757,USH00198757,1112.4,1093.9,1157.9,1154.3,1326.7,837,1532.2,964.7,1455.5,1113.5,1135.8,1031.2,995.3,1100.8,1042.3,1034.5,1105,1281.4,1171.9,1314.9,1116.1,1405.2,1137.7,1181.1,1229.3,1340.3,1101.2,1146.3,1194.6,1172.6,1052.9,1128.7,1274.6,1200,881.4,1020.7,887,1126.5,949.1,1075,989,1089,1047.7,1150.5,994,1256.4,908,1024.7,998.8,994.2,1136,995.5,1172.5,971.4,1025.1,1035.1,1016.3,1168.6,1039,984.9,1062,1182.2,1035.8,1367.3,813.9,1150.5,1234.3,1220.2,875.3,835.9,1475,1142.3,1174.8,1159.9,924.2,1188,833.4,772.5,1019.3,750.8,1219.9,761.1,1270.8,1381.6,879.4,1151.7,1049.8,1302.6,1444.1,1307.8,1207.9,1486.6,1395.6,1156.7,1133.6,1073.3,1181.4,1269.4,1589.7,1015.4,1272.1,1122.240594
27,USH00199316,42.1333,-71.4333,64,MA,WEST MEDWAY,-197215.2143,4699130.936,29652.24253,USH00199316,USH00199316,1105.7,1128.7,1218.1,1256.3,1292.4,872.9,1310.8,1094.4,1569.8,1193.7,1163.3,1067.6,1044.4,1082.4,1053.6,1107.1,1081.6,1303.1,1270.8,1298.3,1138.6,1378.7,1125.6,1163.9,1198.1,1409.3,1124.6,1192.1,1159.5,1105.7,1048,1163.5,1472.1,1263.2,1072.6,972.1,986,1269.7,821.3,1080.1,1085.5,1118.7,1258.1,1195.4,1108.8,1322.6,867.1,1100,1266.8,1104.9,1235.8,1125.9,1266,1062.2,1061.2,990.7,798.5,1379.3,1042.7,1249.6,1036.6,1194.5,1105.1,1399.3,931.9,1033.6,1500.4,1275.3,993,849.2,1509.3,939,1155.4,1270.4,978.8,1469.1,955.3,846.8,1118.2,711.7,1267,721.9,1276,1418.9,936.8,1240,1180.2,1387.7,1223.4,1440.8,1072.7,1566.3,1349.8,1171.7,1204.3,1100.2,1099.8,1141.2,1449.3,1048.9,1203.6,1159.137624
28,USH00270706,44.3061,-71.6575,359.7,NH,BETHLEHEM 2,-190588.133,4942456.876,131723.9428,USH00270706,USH00270706,797.9,638.6,551.8,499.9,559.6,570.3,847.3,703.7,911.9,670.2,600.3,461.1,417.3,567.7,728.1,602.3,590.5,947,728.1,658.3,579.5,658.3,738.4,819.1,736.3,808.1,966.5,650.4,837.7,834.4,794,865.9,817.3,993.9,1053.7,627.7,865.2,1097.7,1074.4,1052.9,991.3,904,1213.4,1164.5,883.4,1267.1,1397.2,1059.4,1406,1137.9,1156.7,1269.9,1025.8,1367,1108.3,1258.2,1217.3,1151.7,1360.8,1216.8,1042.8,913.3,991.7,1137.9,1450.5,1179.8,1358.3,1286.5,1245,883.1,1350.1,1122.6,986.3,977.4,1096.5,1262.3,820.2,851.2,943.6,984,957.4,764.7,1040.7,1098.6,727.2,822.1,783.5,979.6,910.3,1123.6,963.4,1130.6,851.9,746.5,701.1,668.7,669.8,714.6,1205.6,807.7,825.4,929.2683168
29,USH00272174,43.15,-70.95,24.4,NH,DURHAM,-146544.9143,4808251.859,21995.17844,USH00272174,USH00272174,1216.5,761.9,955,1051.8,1250.4,830.3,1083.3,808.9,1166.8,716.4,900.1,799.9,877.1,995.4,908,861.9,929.2,916,812.4,1009.6,1045.2,1339.2,954,1056.4,952.1,1157.3,892.9,1012.4,1309,1038.2,1003.8,1272.9,1233.6,1016,816.4,1034.5,791.9,1012.2,1164.9,1013.8,1122.4,1043.7,1180.1,1116.3,821.9,1067.8,831.9,1022.2,1063.1,1020.6,948.9,1062.4,989.8,1043.3,1064.6,1077.7,869,1047.3,979.7,961.7,1015.6,993.7,893.4,1122.3,801.7,1048.3,1204,1209.4,836.8,964.9,1179.4,1000.9,1031.1,1006,927.1,1253.3,863.8,865.5,982.4,765.3,1295.9,873.7,1246,1354.1,811.4,926.5,981.5,1251.4,1433.9,1585.7,1211.4,1581.9,1246.2,1107,996.2,1005.2,1101,1087.9,1574.7,850.4,929.7,1036.817822
30,USH00272999,45.0875,-71.2872,506,NH,FIRST CONNECTICUT LAKE,-152152.8174,5026188.397,169803.9762,USH00272999,USH00272999,821.7,811.1,1007.8,962.3,917.1,570.2,891.5,816.1,820,897.2,698.4,794.8,915.7,749.9,649.7,680.4,650.8,965.3,822.8,974.6,906.4,865.5,664.3,874.3,837,718.1,891.9,958.3,1052.3,1080.2,769.3,890.8,871.3,714.7,1271.4,958.9,1423.5,1209.9,1034,1060.2,1277.3,1126.9,1006.2,1404,1241.4,1508.2,1464.7,1183.8,1542.4,1385.8,1247.8,1447.6,1207.9,1718.3,1378.5,1264.6,1304.7,1220.1,1363.4,1021.4,1507,1201,1109.9,1075.9,1267.5,1415.4,1609.6,1149.2,1431.4,1586.3,1324.9,1257.3,914.5,1186.3,1274,1069.1,1059.7,1411.1,1306.2,1183.2,1102.1,859.1,1184.4,1170,957.4,1041,1321,1187.3,1217.2,1107.1,965.5,1348.5,995.8,971.2,959.9,967.5,1025.1,942,1148.8,930.8,935.4,1083.775248
31,USH00273850,43.7031,-72.2847,183.8,NH,HANOVER,-248236.0448,4880974.512,145654.8335,USH00273850,USH00273850,682.9,682,783.8,816.2,929.8,630.9,925.4,763.8,881.5,746.2,639.5,631.3,774.7,767.3,698.3,670.9,742.5,863.6,836.1,771.4,708.8,920.3,799.6,875.4,854,838.5,837.2,1025.9,1008.7,975,821.1,893.3,823.6,1020.3,1057.8,867.8,872.9,1054.9,1056.9,1000.5,1105.6,987.7,1029.8,1016.2,1029.5,979.6,939.7,741.6,1153.5,984.9,1057.2,1058.6,995.7,1442.5,1172.4,977.8,1090.2,1057.5,1166.8,989.8,1049.4,1007.2,785.2,1031.5,925.5,1155.4,1169,1098.9,944.8,1134.2,1044.5,873.4,1001.1,1064.8,1071.8,1054.8,804.7,911.2,882.2,821,977.8,636.3,1107.8,1126,631.2,811.3,976.7,1066.6,1021.8,1080,885.5,1212.9,888.1,797,635.2,814.6,839.2,777,1200.3,756,814.2,924.8841584
32,USH00274399,42.9389,-72.3244,158.5,NH,KEENE,-261004.1756,4796408.246,123318.1312,USH00274399,USH00274399,863.5,804.6,919.6,940.8,1117.7,639.6,1132.2,812.8,1003.3,831.7,857.3,682.6,822.2,816.6,787.3,851.4,731.6,975.8,951.2,1012.6,848.2,1102.2,862.2,971.5,956.5,922.1,874.6,1032.2,1081.7,1151,890.8,1042.3,937.5,1068.8,824.2,927.8,937.8,1253.1,1049.7,1104.2,1160.2,1162.2,896.9,1029.5,911.7,1245,1137.3,1097.5,1183.1,990.6,1031.2,1222.5,1117.6,1166.6,1157,978.9,1113.4,1153.2,1232.5,1208.6,1219.3,1081.3,760.8,1104.2,1068.3,1065.4,1379.2,1188.7,1044.7,961.2,1162.5,1140.2,1023.9,1030.2,942,1182.1,774.9,827.2,847.2,659.8,1062.3,694.2,1094.1,1195.1,720,911.9,1010.5,1092.6,1220,1182.3,930.6,1187.2,1130.4,914.2,894.2,916.8,904.4,989.6,1223.9,842.3,931.2,1000.982178
33,USH00370896,41.1667,-71.5833,33.5,RI,BLOCK ISLAND STATE AP,-220403.8845,4592925.694,2032.966131,USH00370896,USH00370896,967.6,1130.1,1065.2,1103.9,1189.8,826.7,1228.6,943.2,1168.4,970,911,896.9,1030.7,1124.5,969.2,901.1,894.4,1214.1,948.7,1140,1077.5,1330,1098.8,1134.9,1161.3,1189.6,1150.9,929.7,1093.9,1063.2,1143.4,1044.6,1206.4,1090.5,1013.2,937.1,784.2,1010.7,999.7,1083.6,952,932,909.9,751,842.9,1004.3,442.2,810.3,1061.3,686.8,729.3,967.7,711.2,727.9,691.2,958.6,763,953.9,706.2,1134.8,1033.4,904.6,1067.8,1461.1,917.1,1046.6,1026.4,897.4,633.3,722.3,1149.4,717.1,1293.3,951.6,766.9,1024.6,826,951.7,988.7,724.5,1160.1,713.9,910.5,925,863.9,1002,895.6,1224.2,1140.2,1351.8,1016.2,1319.6,1284.7,1227.1,1013,1075.6,1084.5,1344.9,1353.5,1007.8,1049.7,999.7168317
34,USH00374266,41.4906,-71.5414,34.7,RI,KINGSTON,-213312.2954,4628584.751,9514.39344,USH00374266,USH00374266,1441.7,1520.1,1363.1,1149.6,1258.4,982.2,1600.4,1177,1556.3,1353.2,1218.9,1052.5,911.4,1140.3,1152.7,1138.7,1353.6,1513.7,1266.3,1264.6,1161.4,1383.6,1389.7,1385.1,1473.7,1690.8,1459,1203.7,1269.4,1133.5,1278.1,1277.4,1553.9,1333.6,1130.5,1296.7,894.7,1157,1089.6,1295.3,1301.6,1189.2,1099.6,1086.8,959.8,1160.8,589.7,926.7,1398.5,960.5,1157.9,1045,1058.2,839.7,712.7,1061.4,834.5,1127.8,956.3,1244.6,1473,1269.3,1191.1,1600.9,925.1,1164.8,1491.9,1332,981.4,958.8,1398.1,908.7,1326.4,1309.4,1022.4,1395.9,1104.3,1108.5,1089.2,877.1,1208.5,990.2,1344.5,1093.3,1093.2,1294.2,1181.8,1514,1384,1357.2,1438.4,1875.4,1536.3,1680,1402.1,1183.1,1130.1,1097.7,1608.4,1363.2,1358.5,1228.169307
35,USH00376698,41.7219,-71.4325,15.5,RI,PROVIDENCE WSO AP,-201678.9283,4653396.17,3888.085839,USH00376698,USH00376698,1037.2,1093.4,1061.8,1152.6,1280,940.6,1516.3,1081.3,1418.7,1002.8,871.6,868,1012.9,1212.7,1089,1046.2,1182.6,1200.6,895.1,1117.3,1119.1,1421.6,1182.8,1323.4,1345.6,1348.4,1055.9,920.3,1102.5,1216.1,1172.9,1170.6,1437.7,1141.9,837.2,912.4,808,1156.5,990.3,1022.5,1170.9,1059.3,991.6,943.7,827.8,1094.7,619.5,918.6,1171.7,851.1,982.9,965.7,1132.2,910.7,750.6,985.6,968.1,1073,764.3,975.9,1066.1,1132.5,1005.3,1427.8,910.3,1216.5,1240.9,1346.9,811.9,754.5,1121.1,1006.5,1154,1124.9,905.9,1208.1,889.8,739.8,918.7,822.4,1304.8,822.3,1223.3,1109.6,763.5,900.6,845.7,1304.3,1443.8,1196.6,1198.1,1550.8,1415,1089.3,938.5,1008.9,1195.1,1174.2,1642.1,1177,1194.5,1081.447525
36,USH00431081,44.4681,-73.1503,100.6,VT,BURLINGTON WSO AP,-307431.6325,4974234.479,244413.772,USH00431081,USH00431081,521.2,446.6,605.4,573.7,596.2,420.2,710.5,532.6,682.1,594.8,451.3,466.8,601.1,507.4,497.8,536.8,514.3,667.9,664.3,711.6,582.9,623.2,660.1,735.3,625.8,677.7,748.8,828.8,813.9,836.5,781.8,858.4,852,903.3,856.8,815.6,894.2,970.3,940,942.2,1033.7,913.3,1236.7,1053.7,1047.7,1098.2,1093.9,1018.4,1149.1,910.1,1315.5,896.2,881.7,1314.7,1099.7,1099.1,1038.2,1121.4,1345.8,860.9,848.9,819.4,941.4,1177.7,1198.2,1210.3,1219.2,1186.8,1008.8,959.2,977.1,995.5,933.6,1006.4,1163.1,1199.1,842.2,1062.7,952.5,834.8,960,635.1,1050.9,1008.4,633.1,699.5,912.5,695.9,920.8,904.1,868.4,1036.7,734.8,599.9,496.2,692.9,654.3,559.2,918.4,651.7,594.4,846.9534653
37,USH00431243,43.3847,-72.5989,256.6,VT,CAVENDISH,-277688.5839,4848501.187,154784.8962,USH00431243,USH00431243,786.9,850.3,958.8,1010.4,1134.8,714.6,1104.9,989.1,1123.6,775.4,888.5,855.3,1009.8,919.4,895.1,880.4,819.9,840.8,963.2,1107.5,883.2,1242.3,981.7,1175.7,1081.1,1015,830.7,1142.6,1182.3,1176.5,1020.9,1190.5,1220.3,1135.3,991.1,1065.2,919.7,1260.5,1148.7,1148.8,1267.2,1261.2,1121.7,1074.9,1310.6,1151.7,1130,1064,1417.6,1233.9,1296.1,1133.2,1231.6,1543.1,1218,1057.7,1169.3,1154.3,1075.2,1082.9,1016.5,986.8,818,1037.3,1056.8,1174,1338,1331.9,1039.5,1009.3,1133.2,987.4,966.2,1137.8,1160.5,1171.6,944.4,927,1015.1,802.2,1280.4,716.7,1231.2,1366.3,683.9,992.6,1208,1142.3,1228,1275.9,1091.2,1338.3,1114.9,721.7,927.3,917.6,1056.2,949.5,1351.6,1052.6,969.8,1070.341584
38,USH00431360,43.9833,-72.45,243.8,VT,CHELSEA,-257972.0239,4913628.775,169608.437,USH00431360,USH00431360,705.1,641.9,900.3,716.9,871.9,560.2,944.8,773.2,940.9,768.4,719.4,552.6,748.5,672.6,682.2,651.2,666.5,901.7,844.4,853.8,621.2,930.5,733.8,854.6,783.7,804.9,844.3,1049.1,965.5,942.8,836.7,915,872.7,892.4,841.2,738,937.9,1176.1,1063.3,1013.8,1107.7,960.9,1028.4,1022.9,1017.9,1221.3,1034,818.3,1093.5,944,1209,841.9,864.9,1265.2,1265,1009.7,1094.9,1134,1251.4,1070,969,855.7,907.1,968.2,1085.6,1093.3,1376.8,1149.1,1018.4,1005.2,1110.8,1054.8,1030.1,970.5,1103.8,1005.3,837,968.3,904.7,962.8,1027.9,688,1105.7,1080.1,654.7,812.6,1073.7,962,1011.8,1092.8,919.3,1116.8,860.6,750.6,747,722.4,768.1,779.7,1084.6,812.8,776.2,924.8792079
39,USH00431580,43.9572,-73.2106,105.2,VT,CORNWALL,-319359.1486,4918072.145,225255.1662,USH00431580,USH00431580,584.4,474.6,625.3,626.8,668.4,441.3,815.5,583.6,834.4,618.6,467.1,550.8,590.4,558,571.1,578.5,547.3,677.3,540,686.3,596.6,739,682.7,772.5,638.2,719.6,685.4,821.3,793.5,714,716.6,760.1,767.8,778.3,894.6,694.6,963.1,973.9,879.1,1002.1,1055.1,908.5,1185.6,858.9,971.7,968.5,1063.8,777.6,1058.1,867.6,1106.7,856.8,1099.4,1132.9,1066.5,957.2,1111.4,1022.5,1124.9,1016.3,887.5,915.1,938.3,1054.2,1332.1,1210,1326.8,1017.4,975.9,907.3,1006.4,1017.9,893.1,1045.5,1091.6,1015.7,845,1025,879.9,772.8,895.1,633.2,1000.8,1149.7,733.5,757.8,830,796.1,825.1,948.2,918.1,994.5,719.7,663.1,493.1,687.8,892.1,643.4,1030,678.9,749,841.9742574
40,USH00432769,44.9094,-72.8083,128,VT,ENOSBURG FALLS,-274262.8432,5019904.498,244060.1524,USH00432769,USH00432769,833.4,599.5,875.8,595.3,652.3,471.4,947.4,671.2,958.3,661.2,540.9,578.4,736.2,520.3,596.2,652.4,726.5,937.7,557.9,983.2,682.7,683,740.2,901.7,760.7,825.1,836.9,983.3,1063.3,1000.5,909,952.7,942.6,1011,1110.3,881.8,1219,1088.2,1102,1214.8,1172.6,1111.5,1343.1,1327.4,1219.5,1357,1307.4,1197.1,1363.2,1145.7,1247.7,1257.6,1236,1519.8,1396.9,1201,1366.4,1186.3,1382.1,1107.7,1083.8,1073.1,1136.2,1301.9,1650.2,1518,1415.7,1099.9,1385.5,1291.6,1194.3,1139.8,1051.7,1358.8,1163.8,1340.1,951.6,1377.2,1260.9,1015.3,1155.6,991.7,1262.9,1237.9,960,891.2,1177.2,1013.8,1181.1,1203.4,1266.8,1245.8,981.4,828.5,653.5,871,796.8,530.3,1220.9,855.5,814.9,1033.662376
41,USH00437054,44.42,-72.0194,213.4,VT,SAINT JOHNSBURY,-218055.934,4958247.118,163200.8882,USH00437054,USH00437054,656.8,644.4,769.1,721.2,820.1,504.7,884.6,730,872,751,587.1,517.9,758.3,627.5,701.2,641,645.9,871.2,651.2,729.2,656.2,794.9,740,792.9,745,686.6,842.1,750.6,906.3,877.1,850.5,831,783.5,913.1,976.3,731.2,895.5,1099.3,937.2,1025.8,1023.6,898.2,1119.3,1050,899.3,1191.1,1236.1,947.2,1348,1128.9,1176,1240.8,878.2,1195.5,1039.8,1022.7,1167.1,1032.4,1298.7,1320.5,1106.8,934.1,988.3,1018.9,1082.4,1154.3,1372.2,1296.9,1066.9,1123.6,1071.8,1053.9,813.7,948.9,1092.6,1036.7,787.3,1087,843.2,923.6,1065.5,691.6,1028,1081.7,670.1,766.5,940.6,993.9,945.9,1083.1,917.4,1083.4,864.6,757.5,668.2,788.9,817.5,732.6,1202.3,860.7,812.3,917.9039604
42,USH00437607,44.6264,-73.3031,33.5,VT,SOUTH HERO,-317345.0926,4993357.245,263955.8103,USH00437607,USH00437607,603.3,570.1,700.9,542.6,576.1,350,838.8,546.6,646,605.8,653,637.3,659.2,474.5,580.6,454.1,510.9,699,665.7,809.7,650.1,646,557.9,732.6,573.7,585.3,635,657.9,801,688.4,672,985.5,791.2,785.9,675.2,559.5,843.8,1017.3,854,812.2,939.1,800.4,1034.9,952.6,920.5,970,969.1,713.4,1222.6,802.3,1131.4,917.8,1009.4,1071.8,964.3,851.7,994,784.9,1075.5,896.1,796.9,805.8,780.7,946.9,1202.4,1352.5,1147.7,1045.7,800.7,819.5,771,861.1,724.3,1130.5,971,921.2,650.7,899.2,727.6,726.9,824.8,580.3,971.6,910.6,536.4,642.2,826.4,739.5,770.3,773.1,851.2,922.3,791.4,536.4,536.5,646.8,733.5,532.7,784,817.3,503.1,782.0118812
43,USH00437612,44.0725,-72.9736,408.7,VT,SOUTH LINCOLN,-298769.6967,4928533.442,211984.5288,USH00437612,USH00437612,626.4,574.8,687.9,681.6,678.1,544.6,1046.6,886.5,882.6,734.4,583.7,487.5,717.3,570.8,719.3,783,767,823.6,727.3,716.6,663.9,630.3,748.6,1061.6,866.9,879.1,714.9,808,885,689.2,797.9,1023.2,951.5,1063.2,905.4,701.8,821.1,1086.9,832.5,983.4,1240.3,1170.6,1082,1022.4,937.2,1067.3,1049.9,986.8,1236.2,1173.4,1189.5,1039.8,927,1079.2,1097.3,916.3,1198,1151.5,1508.4,999.7,922.4,983.5,956.9,808.5,1147,1168.5,1761.1,1202.7,818.2,989.6,984.6,912.9,776.7,1033.8,1099.7,1265,864.3,960.5,757.6,851.3,885.8,632.7,1219.2,1330.2,668.7,804.2,1003,918.6,899.5,1033.4,1062,1179.9,896.9,711,610.7,670.4,750.2,619.5,1211.2,980.8,866.2,917.2841584
